{"La moyenne de la s\u00e9rie": 1174.5811969100928, "Le minimum de la s\u00e9rie": 1025.436959467097, "Le maximum de la s\u00e9rie": 1374.2509879762938, "La m\u00e9diane de la s\u00e9rie": 1197.0849514508895, "Le 1er quartile de la s\u00e9rie": 1108.6935775208349, "Le 2\u00e8me quartile de la s\u00e9rie": 1197.0849514508895, "Le 3\u00e8 quartile de la s\u00e9rie": 1240.3794618763302, "La variance de la s\u00e9rie": 7956.460382564793, "L'\u00e9cart type de de la s\u00e9rie": 89.19899317012941}