{"La moyenne de la s\u00e9rie": 1144.0406155982455, "Le minimum de la s\u00e9rie": 1025.5729604769588, "Le maximum de la s\u00e9rie": 1268.2577412091932, "La m\u00e9diane de la s\u00e9rie": 1130.6388216162054, "Le 1er quartile de la s\u00e9rie": 1057.6698776261255, "Le 2\u00e8me quartile de la s\u00e9rie": 1130.6388216162054, "Le 3\u00e8 quartile de la s\u00e9rie": 1205.1560790800013, "La variance de la s\u00e9rie": 7216.641686874247, "L'\u00e9cart type de de la s\u00e9rie": 84.95081922426792}