{"La moyenne de la s\u00e9rie": 3.0689655172413794, "Le minimum de la s\u00e9rie": 1, "Le maximum de la s\u00e9rie": 5, "La m\u00e9diane de la s\u00e9rie": 3.0, "Le 1er quartile de la s\u00e9rie": 2.0, "Le 2\u00e8me quartile de la s\u00e9rie": 3.0, "Le 3\u00e8 quartile de la s\u00e9rie": 4.0, "La variance de la s\u00e9rie": 1.92627824019025, "L'\u00e9cart type de de la s\u00e9rie": 1.3879042618964212}