{"La moyenne de la s\u00e9rie": 0.0013335545857747395, "Le minimum de la s\u00e9rie": 0.0009975433349609375, "Le maximum de la s\u00e9rie": 0.002002239227294922, "La m\u00e9diane de la s\u00e9rie": 0.001001596450805664, "Le 1er quartile de la s\u00e9rie": 0.0010001659393310547, "Le 2\u00e8me quartile de la s\u00e9rie": 0.001001596450805664, "Le 3\u00e8 quartile de la s\u00e9rie": 0.001996278762817383, "La variance de la s\u00e9rie": 2.2192885909235986e-07, "L'\u00e9cart type de de la s\u00e9rie": 0.0004710932594427136}