{"La moyenne de la s\u00e9rie": 0.0016201117943073142, "Le minimum de la s\u00e9rie": 0.0009970664978027344, "Le maximum de la s\u00e9rie": 0.003003358840942383, "La m\u00e9diane de la s\u00e9rie": 0.0019948482513427734, "Le 1er quartile de la s\u00e9rie": 0.001001596450805664, "Le 2\u00e8me quartile de la s\u00e9rie": 0.0019948482513427734, "Le 3\u00e8 quartile de la s\u00e9rie": 0.0019991397857666016, "La variance de la s\u00e9rie": 3.721867135057703e-07, "L'\u00e9cart type de de la s\u00e9rie": 0.0006100710725036636}