{"0": {"tour": [0, 19, 6, 21, 11, 5, 17, 7, 22, 15, 8, 24, 23, 14, 10, 20, 2, 3, 16, 12, 18, 9, 4, 1, 13, 0], "distance": 1360.9501891816888, "time": 0.0030024051666259766, "iteration": 1, "memory": 1}, "1": {"tour": [0, 24, 8, 23, 13, 21, 12, 14, 3, 18, 20, 19, 5, 2, 22, 16, 7, 17, 9, 10, 11, 4, 6, 1, 15, 0], "distance": 1094.6559663427581, "time": 0.007001161575317383, "iteration": 2, "memory": 2}, "2": {"tour": [0, 8, 3, 14, 23, 17, 6, 19, 4, 9, 21, 24, 18, 1, 16, 13, 7, 2, 20, 12, 22, 11, 10, 15, 5, 0], "distance": 1356.0706634069095, "time": 0.02000260353088379, "iteration": 3, "memory": 3}, "3": {"tour": [0, 1, 20, 23, 6, 11, 14, 12, 17, 8, 24, 13, 19, 15, 4, 16, 9, 5, 3, 18, 21, 2, 7, 22, 10, 0], "distance": 1256.2563133574758, "time": 0.03300142288208008, "iteration": 4, "memory": 4}, "4": {"tour": [0, 16, 12, 11, 15, 14, 21, 24, 22, 18, 6, 9, 17, 3, 23, 7, 19, 8, 1, 5, 2, 13, 10, 4, 20, 0], "distance": 1265.3116728665332, "time": 0.04700326919555664, "iteration": 5, "memory": 5}, "5": {"tour": [0, 18, 8, 1, 21, 24, 17, 12, 11, 3, 10, 13, 16, 19, 14, 5, 6, 7, 22, 9, 20, 23, 15, 4, 2, 0], "distance": 1102.6275635013628, "time": 0.003997087478637695, "iteration": 1, "memory": 1}, "6": {"tour": [0, 9, 18, 20, 13, 6, 8, 12, 10, 24, 19, 7, 4, 21, 14, 22, 23, 1, 17, 5, 16, 3, 11, 2, 15, 0], "distance": 1372.1243078845741, "time": 0.007998466491699219, "iteration": 2, "memory": 2}, "7": {"tour": [0, 7, 10, 8, 4, 5, 17, 19, 21, 18, 6, 9, 12, 20, 24, 13, 14, 23, 15, 11, 22, 16, 3, 1, 2, 0], "distance": 1087.314231447187, "time": 0.02299332618713379, "iteration": 3, "memory": 3}, "8": {"tour": [0, 17, 7, 19, 6, 4, 18, 8, 23, 2, 20, 14, 15, 9, 21, 5, 11, 10, 13, 22, 1, 16, 24, 3, 12, 0], "distance": 1262.3295542312626, "time": 0.03799319267272949, "iteration": 4, "memory": 4}, "9": {"tour": [0, 14, 6, 19, 16, 1, 7, 5, 12, 3, 4, 10, 23, 11, 9, 20, 21, 24, 13, 18, 17, 15, 2, 22, 8, 0], "distance": 1296.552885039653, "time": 0.05199384689331055, "iteration": 5, "memory": 5}, "10": {"tour": [0, 16, 22, 12, 24, 15, 6, 14, 23, 3, 11, 2, 10, 20, 18, 1, 19, 8, 21, 4, 9, 7, 5, 17, 13, 0], "distance": 1254.6383422657714, "time": 0.003998279571533203, "iteration": 1, "memory": 1}, "11": {"tour": [0, 3, 15, 14, 22, 24, 4, 12, 1, 11, 21, 23, 18, 13, 10, 7, 20, 9, 19, 17, 16, 2, 8, 5, 6, 0], "distance": 1237.1343956626904, "time": 0.008998394012451172, "iteration": 2, "memory": 2}, "12": {"tour": [0, 21, 15, 18, 9, 14, 5, 24, 3, 10, 11, 1, 6, 19, 16, 12, 4, 13, 7, 17, 23, 22, 20, 8, 2, 0], "distance": 1273.5705985993006, "time": 0.02299809455871582, "iteration": 3, "memory": 3}, "13": {"tour": [0, 18, 4, 12, 21, 9, 17, 23, 14, 24, 11, 3, 5, 10, 7, 1, 2, 6, 13, 19, 15, 22, 16, 8, 20, 0], "distance": 1206.0956280868377, "time": 0.03799724578857422, "iteration": 4, "memory": 4}, "14": {"tour": [0, 19, 21, 22, 12, 4, 23, 16, 11, 8, 1, 24, 17, 13, 18, 5, 10, 3, 9, 6, 2, 20, 15, 14, 7, 0], "distance": 1119.6306890553105, "time": 0.053998470306396484, "iteration": 5, "memory": 5}, "15": {"tour": [0, 8, 7, 5, 18, 14, 21, 9, 13, 15, 24, 22, 11, 16, 2, 3, 4, 19, 1, 23, 20, 17, 10, 6, 12, 0], "distance": 1293.6305390541654, "time": 0.0019969940185546875, "iteration": 1, "memory": 1}, "16": {"tour": [0, 1, 15, 16, 19, 7, 23, 4, 2, 18, 5, 21, 22, 6, 17, 20, 11, 3, 10, 14, 12, 13, 8, 9, 24, 0], "distance": 1231.9092365618303, "time": 0.00899648666381836, "iteration": 2, "memory": 2}, "17": {"tour": [0, 5, 17, 24, 19, 7, 21, 15, 12, 13, 4, 2, 20, 14, 10, 16, 11, 23, 6, 18, 3, 9, 22, 1, 8, 0], "distance": 1144.979683714933, "time": 0.02400040626525879, "iteration": 3, "memory": 3}, "18": {"tour": [0, 1, 14, 16, 7, 12, 17, 23, 15, 5, 22, 10, 24, 11, 8, 21, 9, 13, 2, 18, 20, 6, 3, 19, 4, 0], "distance": 1058.536006220469, "time": 0.04499459266662598, "iteration": 4, "memory": 4}, "19": {"tour": [0, 15, 16, 21, 7, 14, 1, 9, 11, 12, 17, 6, 3, 10, 2, 22, 19, 13, 24, 23, 8, 20, 5, 4, 18, 0], "distance": 992.8221933589248, "time": 0.06099534034729004, "iteration": 5, "memory": 5}, "20": {"tour": [0, 14, 23, 15, 11, 1, 9, 13, 10, 21, 17, 22, 4, 20, 3, 6, 7, 19, 5, 16, 12, 24, 8, 2, 18, 0], "distance": 1156.0444204733628, "time": 0.002994537353515625, "iteration": 1, "memory": 1}, "21": {"tour": [0, 2, 20, 12, 4, 3, 16, 11, 14, 1, 22, 9, 18, 6, 21, 15, 7, 10, 17, 19, 13, 8, 23, 5, 24, 0], "distance": 1111.5715021802603, "time": 0.008994817733764648, "iteration": 2, "memory": 2}, "22": {"tour": [0, 14, 5, 4, 1, 9, 11, 19, 2, 16, 17, 13, 10, 15, 8, 24, 21, 6, 22, 3, 7, 23, 12, 20, 18, 0], "distance": 1178.0578134481127, "time": 0.023995637893676758, "iteration": 3, "memory": 3}, "23": {"tour": [0, 13, 15, 14, 5, 6, 18, 1, 11, 3, 7, 19, 16, 23, 4, 20, 12, 10, 24, 9, 21, 17, 2, 8, 22, 0], "distance": 1301.420566098324, "time": 0.0399935245513916, "iteration": 4, "memory": 4}, "24": {"tour": [0, 13, 6, 1, 11, 4, 3, 5, 22, 14, 7, 15, 12, 19, 9, 24, 23, 17, 16, 2, 20, 10, 18, 21, 8, 0], "distance": 1153.5966042627024, "time": 0.05799698829650879, "iteration": 5, "memory": 5}, "25": {"tour": [0, 11, 20, 23, 21, 10, 24, 19, 13, 14, 5, 2, 17, 16, 3, 8, 12, 15, 18, 1, 9, 6, 22, 7, 4, 0], "distance": 1203.4848636455288, "time": 0.0019822120666503906, "iteration": 1, "memory": 1}, "26": {"tour": [0, 4, 10, 19, 21, 3, 12, 2, 18, 7, 17, 24, 8, 6, 9, 13, 11, 20, 15, 22, 16, 14, 1, 5, 23, 0], "distance": 1164.7783033142518, "time": 0.009981870651245117, "iteration": 2, "memory": 2}, "27": {"tour": [0, 6, 24, 17, 10, 9, 14, 2, 15, 20, 5, 16, 1, 8, 11, 23, 18, 7, 3, 12, 21, 19, 4, 13, 22, 0], "distance": 1213.6258059796119, "time": 0.02598285675048828, "iteration": 3, "memory": 3}, "28": {"tour": [0, 3, 10, 4, 23, 15, 8, 17, 2, 20, 6, 21, 16, 22, 1, 12, 9, 24, 14, 19, 18, 5, 11, 7, 13, 0], "distance": 903.3690643001054, "time": 0.043981313705444336, "iteration": 4, "memory": 4}, "29": {"tour": [0, 23, 20, 5, 13, 3, 19, 15, 18, 22, 12, 10, 21, 17, 8, 9, 11, 6, 1, 24, 4, 14, 7, 16, 2, 0], "distance": 1358.7105501560084, "time": 0.06298041343688965, "iteration": 5, "memory": 5}}