{"0": {"tour": [0, 13, 21, 14, 7, 10, 20, 1, 12, 6, 8, 9, 3, 19, 15, 24, 4, 5, 18, 23, 2, 22, 17, 16, 11, 0], "distance": 1259.2716219869635, "time": 0.001001119613647461, "iteration": 1}, "1": {"tour": [0, 6, 23, 12, 15, 13, 20, 2, 14, 24, 7, 10, 3, 1, 22, 19, 11, 4, 8, 5, 18, 16, 9, 21, 17, 0], "distance": 1025.5729604769588, "time": 0.0009975433349609375, "iteration": 2}, "2": {"tour": [0, 11, 4, 21, 20, 7, 10, 19, 9, 22, 8, 15, 18, 5, 13, 1, 16, 3, 12, 24, 6, 17, 14, 23, 2, 0], "distance": 1129.747728970017, "time": 0.001996278762817383, "iteration": 3}, "3": {"tour": [0, 24, 20, 7, 14, 18, 22, 19, 23, 15, 13, 21, 5, 11, 2, 9, 12, 16, 8, 4, 17, 10, 1, 6, 3, 0], "distance": 1037.0402162564824, "time": 0.002002239227294922, "iteration": 4}, "4": {"tour": [0, 2, 13, 10, 17, 9, 23, 16, 19, 12, 4, 20, 24, 22, 18, 11, 3, 21, 15, 8, 5, 6, 7, 14, 1, 0], "distance": 1237.998620671691, "time": 0.0010001659393310547, "iteration": 5}, "5": {"tour": [0, 9, 11, 4, 14, 1, 22, 10, 2, 19, 23, 5, 8, 20, 6, 15, 16, 21, 24, 17, 3, 18, 13, 12, 7, 0], "distance": 1130.6388216162054, "time": 0.001001596450805664, "iteration": 1}, "6": {"tour": [0, 12, 13, 8, 14, 24, 3, 22, 7, 2, 9, 17, 19, 23, 18, 4, 21, 16, 6, 11, 15, 5, 10, 1, 20, 0], "distance": 1057.6698776261255, "time": 0.0020008087158203125, "iteration": 2}, "7": {"tour": [0, 16, 10, 19, 17, 24, 12, 8, 20, 4, 14, 18, 1, 23, 21, 22, 3, 2, 7, 6, 11, 15, 5, 9, 13, 0], "distance": 1205.1560790800013, "time": 0.0010023117065429688, "iteration": 3}, "8": {"tour": [0, 15, 14, 10, 1, 8, 20, 5, 6, 21, 9, 17, 19, 2, 23, 18, 4, 7, 11, 3, 24, 13, 22, 16, 12, 0], "distance": 1268.2577412091932, "time": 0.0010008811950683594, "iteration": 4}, "9": {"tour": [0, 10, 1, 7, 6, 21, 16, 20, 15, 12, 22, 8, 2, 19, 18, 23, 17, 4, 3, 24, 9, 14, 5, 11, 13, 0], "distance": 1204.283494477536, "time": 0.0010001659393310547, "iteration": 5}}