{"0": {"tour": [0, 13, 21, 14, 7, 10, 20, 1, 12, 6, 8, 9, 3, 19, 15, 24, 4, 5, 18, 23, 2, 22, 17, 16, 11, 0], "distance": 1259.2716219869635, "time": 0.001001119613647461, "iteration": 1}, "1": {"tour": [0, 6, 23, 12, 15, 13, 20, 2, 14, 24, 7, 10, 3, 1, 22, 19, 11, 4, 8, 5, 18, 16, 9, 21, 17, 0], "distance": 1025.5729604769588, "time": 0.0009975433349609375, "iteration": 2}, "2": {"tour": [0, 11, 4, 21, 20, 7, 10, 19, 9, 22, 8, 15, 18, 5, 13, 1, 16, 3, 12, 24, 6, 17, 14, 23, 2, 0], "distance": 1129.747728970017, "time": 0.001996278762817383, "iteration": 3}, "3": {"tour": [0, 24, 20, 7, 14, 18, 22, 19, 23, 15, 13, 21, 5, 11, 2, 9, 12, 16, 8, 4, 17, 10, 1, 6, 3, 0], "distance": 1037.0402162564824, "time": 0.002002239227294922, "iteration": 4}, "4": {"tour": [0, 2, 13, 10, 17, 9, 23, 16, 19, 12, 4, 20, 24, 22, 18, 11, 3, 21, 15, 8, 5, 6, 7, 14, 1, 0], "distance": 1237.998620671691, "time": 0.0010001659393310547, "iteration": 5}, "5": {"tour": [0, 9, 11, 4, 14, 1, 22, 10, 2, 19, 23, 5, 8, 20, 6, 15, 16, 21, 24, 17, 3, 18, 13, 12, 7, 0], "distance": 1130.6388216162054, "time": 0.001001596450805664, "iteration": 1}, "6": {"tour": [0, 12, 13, 8, 14, 24, 3, 22, 7, 2, 9, 17, 19, 23, 18, 4, 21, 16, 6, 11, 15, 5, 10, 1, 20, 0], "distance": 1057.6698776261255, "time": 0.0020008087158203125, "iteration": 2}, "7": {"tour": [0, 16, 10, 19, 17, 24, 12, 8, 20, 4, 14, 18, 1, 23, 21, 22, 3, 2, 7, 6, 11, 15, 5, 9, 13, 0], "distance": 1205.1560790800013, "time": 0.0010023117065429688, "iteration": 3}, "8": {"tour": [0, 15, 14, 10, 1, 8, 20, 5, 6, 21, 9, 17, 19, 2, 23, 18, 4, 7, 11, 3, 24, 13, 22, 16, 12, 0], "distance": 1268.2577412091932, "time": 0.0010008811950683594, "iteration": 4}, "9": {"tour": [0, 10, 1, 7, 6, 21, 16, 20, 15, 12, 22, 8, 2, 19, 18, 23, 17, 4, 3, 24, 9, 14, 5, 11, 13, 0], "distance": 1204.283494477536, "time": 0.0010001659393310547, "iteration": 5}, "10": {"tour": [0, 4, 16, 17, 6, 2, 19, 13, 7, 18, 14, 20, 15, 5, 1, 12, 3, 10, 9, 22, 8, 21, 11, 23, 24, 0], "distance": 1097.618290543601, "time": 0.001997232437133789, "iteration": 1}, "11": {"tour": [0, 10, 14, 9, 11, 18, 23, 5, 24, 20, 15, 4, 13, 7, 2, 3, 12, 1, 17, 22, 16, 21, 19, 6, 8, 0], "distance": 1166.6922945188298, "time": 0.0020003318786621094, "iteration": 2}, "12": {"tour": [0, 22, 6, 13, 24, 15, 2, 14, 5, 10, 17, 21, 1, 11, 20, 16, 18, 4, 19, 9, 3, 8, 7, 23, 12, 0], "distance": 1204.5210484358183, "time": 0.0019991397857666016, "iteration": 3}, "13": {"tour": [0, 21, 20, 12, 18, 17, 11, 13, 16, 8, 14, 9, 10, 22, 6, 3, 5, 23, 19, 4, 2, 1, 24, 15, 7, 0], "distance": 1025.436959467097, "time": 0.001998424530029297, "iteration": 4}, "14": {"tour": [0, 4, 12, 21, 24, 22, 19, 17, 13, 10, 11, 9, 8, 2, 23, 6, 3, 18, 1, 7, 14, 20, 15, 16, 5, 0], "distance": 1374.2509879762938, "time": 0.0019948482513427734, "iteration": 5}, "15": {"tour": [0, 1, 13, 10, 18, 6, 4, 2, 24, 16, 8, 9, 23, 11, 12, 3, 17, 5, 19, 22, 14, 15, 7, 20, 21, 0], "distance": 1240.3794618763302, "time": 0.0009996891021728516, "iteration": 1}, "16": {"tour": [0, 22, 20, 17, 18, 15, 19, 11, 23, 3, 2, 21, 14, 1, 12, 13, 4, 24, 5, 16, 7, 8, 9, 10, 6, 0], "distance": 1185.9444063529745, "time": 0.0010030269622802734, "iteration": 2}, "17": {"tour": [0, 21, 8, 1, 22, 6, 9, 23, 10, 12, 4, 16, 11, 24, 7, 18, 15, 19, 3, 17, 14, 2, 20, 5, 13, 0], "distance": 1170.532635590334, "time": 0.002000570297241211, "iteration": 3}, "18": {"tour": [0, 21, 8, 14, 3, 4, 16, 2, 6, 9, 12, 5, 15, 22, 7, 13, 18, 1, 24, 17, 10, 20, 19, 23, 11, 0], "distance": 1213.99680963097, "time": 0.0010035037994384766, "iteration": 4}, "19": {"tour": [0, 8, 24, 16, 4, 19, 10, 6, 18, 11, 20, 5, 2, 15, 13, 17, 7, 1, 12, 14, 3, 21, 23, 9, 22, 0], "distance": 1149.0641422961548, "time": 0.0010035037994384766, "iteration": 5}, "20": {"tour": [0, 12, 16, 8, 13, 19, 7, 6, 9, 1, 14, 15, 11, 4, 3, 18, 5, 24, 20, 2, 22, 21, 17, 10, 23, 0], "distance": 1067.5226175183648, "time": 0.0019981861114501953, "iteration": 1}, "21": {"tour": [0, 18, 16, 12, 10, 20, 7, 17, 8, 19, 11, 22, 4, 9, 21, 14, 15, 6, 5, 1, 2, 24, 13, 23, 3, 0], "distance": 1203.4071178051156, "time": 0.0029985904693603516, "iteration": 2}, "22": {"tour": [0, 12, 18, 2, 1, 5, 24, 20, 6, 14, 10, 11, 19, 13, 9, 16, 7, 3, 15, 4, 21, 22, 8, 17, 23, 0], "distance": 1255.2313653670358, "time": 0.003003358840942383, "iteration": 3}, "23": {"tour": [0, 2, 14, 10, 19, 4, 11, 18, 23, 21, 15, 13, 5, 16, 20, 6, 9, 24, 7, 12, 1, 22, 3, 8, 17, 0], "distance": 1029.5614961739725, "time": 0.0010025501251220703, "iteration": 4}, "24": {"tour": [0, 23, 14, 13, 15, 5, 9, 16, 18, 24, 6, 3, 17, 12, 4, 21, 2, 7, 22, 20, 10, 8, 11, 19, 1, 0], "distance": 1248.3672959630835, "time": 0.001983165740966797, "iteration": 5}, "25": {"tour": [0, 6, 18, 16, 2, 15, 7, 10, 14, 5, 23, 8, 24, 1, 21, 22, 3, 17, 19, 13, 20, 4, 9, 11, 12, 0], "distance": 1288.9279747151586, "time": 0.0019989013671875, "iteration": 1}, "26": {"tour": [0, 16, 15, 24, 21, 22, 13, 10, 7, 5, 17, 6, 12, 4, 23, 3, 1, 8, 18, 9, 14, 2, 11, 19, 20, 0], "distance": 1284.742456146662, "time": 0.001999378204345703, "iteration": 2}, "27": {"tour": [0, 9, 12, 11, 4, 18, 3, 23, 19, 13, 8, 5, 15, 21, 7, 14, 1, 2, 20, 10, 17, 6, 24, 22, 16, 0], "distance": 1108.6935775208349, "time": 0.0010008811950683594, "iteration": 3}, "28": {"tour": [0, 12, 17, 21, 13, 2, 4, 6, 22, 18, 7, 8, 16, 15, 19, 20, 23, 10, 3, 1, 24, 14, 5, 11, 9, 0], "distance": 1197.0849514508895, "time": 0.0019989013671875, "iteration": 4}, "29": {"tour": [0, 23, 19, 1, 12, 18, 17, 16, 2, 14, 7, 10, 15, 9, 21, 6, 24, 8, 3, 13, 4, 5, 11, 22, 20, 0], "distance": 1254.5132806589636, "time": 0.0009970664978027344, "iteration": 5}}