{"0": {"tour": [0, 15, 16, 2, 1, 23, 3, 8, 24, 21, 7, 11, 4, 5, 14, 18, 9, 20, 22, 12, 6, 13, 10, 17, 19, 0], "distance": 1271.1827486547784}, "1": {"tour": [0, 19, 10, 5, 17, 13, 4, 24, 9, 2, 6, 22, 21, 11, 1, 18, 23, 12, 16, 15, 20, 14, 8, 7, 3, 0], "distance": 1184.7346010541314}, "2": {"tour": [0, 4, 6, 9, 20, 22, 19, 16, 8, 10, 12, 13, 24, 11, 14, 3, 2, 17, 7, 18, 15, 23, 1, 5, 21, 0], "distance": 1173.688283382847}, "3": {"tour": [0, 11, 9, 20, 16, 8, 15, 3, 6, 19, 7, 4, 12, 24, 1, 13, 2, 10, 21, 18, 14, 22, 5, 23, 17, 0], "distance": 1062.6325472616145}, "4": {"tour": [0, 1, 17, 6, 23, 5, 16, 21, 2, 10, 3, 9, 18, 11, 15, 14, 20, 7, 19, 8, 22, 24, 13, 12, 4, 0], "distance": 1213.0723700768508}, "5": {"tour": [0, 6, 1, 16, 13, 18, 2, 24, 9, 12, 15, 8, 4, 3, 17, 23, 19, 5, 14, 20, 22, 7, 10, 21, 11, 0], "distance": 1039.233738156432}, "6": {"tour": [0, 5, 7, 9, 23, 18, 16, 24, 11, 4, 3, 17, 8, 15, 14, 2, 21, 20, 10, 1, 22, 12, 6, 19, 13, 0], "distance": 1134.3239939795542}, "7": {"tour": [0, 17, 12, 18, 2, 19, 3, 15, 4, 24, 11, 1, 9, 16, 21, 8, 20, 22, 5, 6, 14, 13, 23, 10, 7, 0], "distance": 1112.6087846470589}, "8": {"tour": [0, 6, 3, 5, 16, 1, 22, 18, 10, 7, 11, 17, 12, 8, 20, 21, 23, 13, 14, 19, 15, 9, 4, 2, 24, 0], "distance": 1238.659195280758}, "9": {"tour": [0, 13, 8, 18, 17, 3, 6, 4, 19, 16, 10, 15, 21, 22, 20, 14, 7, 5, 9, 1, 12, 2, 24, 23, 11, 0], "distance": 1018.839569607658}}