{"La moyenne de la serie": 1192.280225867893, "Le minimum de la serie": 903.3690643001054, "Le maximum de la serie": 1372.1243078845741, "La m\u00e9diane de la serie": 1192.2488250274496, "Le 1er quartile de la serie": 1136.5538353526479, "Le 2\u00e8me quartile de la serie": 1192.2488250274496, "Le 3\u00e8 quartile de la serie": 1260.811244012816, "La variance de la serie": 10156.856357738392, "L'\u00e9cart type de de la serie": 100.78123018567689}