{"La moyenne de la serie": 1194.8568953281454, "Le minimum de la serie": 903.3690643001054, "Le maximum de la serie": 1372.1243078845741, "La m\u00e9diane de la serie": 1206.0956280868377, "Le 1er quartile de la serie": 1119.6306890553105, "Le 2\u00e8me quartile de la serie": 1206.0956280868377, "Le 3\u00e8 quartile de la serie": 1265.3116728665332, "La variance de la serie": 11601.46287745786, "L'\u00e9cart type de de la serie": 107.71008716669883}