{"La moyenne de la serie": 3.0588235294117645, "Le minimum de la serie": 1, "Le maximum de la serie": 5, "La m\u00e9diane de la serie": 3.0, "Le 1er quartile de la serie": 2.0, "Le 2\u00e8me quartile de la serie": 3.0, "Le 3\u00e8 quartile de la serie": 4.0, "La variance de la serie": 1.9377162629757787, "L'\u00e9cart type de de la serie": 1.3920187724940274}