{"La moyenne de la serie": 0.02746425656711354, "Le minimum de la serie": 0.0019822120666503906, "Le maximum de la serie": 0.06598997116088867, "La m\u00e9diane de la serie": 0.023998022079467773, "Le 1er quartile de la serie": 0.008995234966278076, "Le 2\u00e8me quartile de la serie": 0.023998022079467773, "Le 3\u00e8 quartile de la serie": 0.044741272926330566, "La variance de la serie": 0.0004136352845715196, "L'\u00e9cart type de de la serie": 0.020338025581936897}