{"La moyenne de la serie": 0.026891132880901468, "Le minimum de la serie": 0.0019822120666503906, "Le maximum de la serie": 0.06298041343688965, "La m\u00e9diane de la serie": 0.023995637893676758, "Le 1er quartile de la serie": 0.008994817733764648, "Le 2\u00e8me quartile de la serie": 0.023995637893676758, "Le 3\u00e8 quartile de la serie": 0.043981313705444336, "La variance de la serie": 0.00038730681678033273, "L'\u00e9cart type de de la serie": 0.019680112214627555}